code,expires_at,created_at
CTHGnQFgdJXVRwfs,1846603500,1783416353
W7jCW2GXqX87b6z7,1846603560,1783416379
kX2YbCMEeZQsDhyZ,1846603560,1783416408
5KwQumfmHWaShjy9,1846603620,1783416446
SsTZAAz9ggAqUh57,1846603620,1783416477
r2Ypme7Snpqf9TB8,1846603680,1783416518
gcMdf5UxbgNfJfqZ,1846603680,1783416551
CmWh7vXqNm4Dc6CX,1846603740,1783416574
tLdkgAcpp7NsvQWf,1846603740,1783416592
nKFpmVEUDgKfBakZ,1846603800,1783416613
vDQW9Q2rUNMaEjRX,1846603800,1783416636
DjRjEfMZPdM63gUY,1846603920,1783416730
TVTeFeyzr5ng7NDg,1846603980,1783416836
e9WAanmkVZ6dYNv3,1846604100,1783416988
35983D5n43tZRGXs,1846604160,1783417004
K9W7BHBYFRsTfvmz,1846604160,1783417025
AsSYNkuUgHhe7CXG,1846604220,1783417044
MYY8ZnG7WLVvGH6z,1846604220,1783417071
c2nyKpaVNuZqAfwh,1846604280,1783417131
ZXTWX6jbctSvnFZ2,1846604340,1783417194
QahYjcccN2AbkNxU,1846604400,1783417217
qFppd4qvajdYxLfX,1846604400,1783417262
TppRUMkCNyaBKq84,1846604460,1783417278
eQMBpjH8eLpWD2Vt,1846604460,1783417291
aRVmsMaVYb73b43d,1846604460,1783417314
xRTCsjFrHvkJ3xv6,1846604520,1783417368
P63qRh8SG6nySdHd,1783446120,1783417391
jpDq7K5PJqGWwnrw,1846604580,1783417417
F4zHQtfuY2xnk4ec,1846604580,1783417434
pq9ujfn2CDzLCxKC,1846604640,1783417456
YZXvYwKBc9g42zMj,1846604640,1783417480
WNa8MyvzMYCYxk7H,1846604700,1783417513
tUL4APwPJ3zELtwT,1846604700,1783417543
CXCXe5thJcw7t8qf,1846604760,1783417572
gv5dpj5n4rEypvEE,1846604760,1783417590
KzkjvxH7YAYpYTVv,1784565129,1783960329
fUVCGxWBnZMs6FK7,1847391660,1784204547
jxdxQx647QT8WxWm,1847391720,1784204580
